"","x"
"1","https://www.casemine.com/judgement/in/56e66ac1607dba6b53436ba6"
"2","https://www.casemine.com/judgement/in/56092c80e4b01497111f9c79"
"3","https://www.casemine.com/judgement/in/5609ac06e4b014971140dd01"
"4","https://www.casemine.com/judgement/in/56b48cad607dba348ffee125"
"5","https://www.casemine.com/judgement/in/56b495d7607dba348f0157d8"
"6","https://www.casemine.com/judgement/in/5b1a4e024a932631a5a0e6e6"
"7","https://www.casemine.com/judgement/in/56b49659607dba348f018555"
"8","https://www.casemine.com/judgement/in/5b1a50974a932631a5a0ea1f"
"9","https://www.casemine.com/judgement/in/5b1a49a74a932631a5a0e3f5"
"10","https://www.casemine.com/judgement/in/56092c9ae4b01497111fa1b2"
"11","https://www.casemine.com/judgement/in/5b1a4d434a932631a5a0e5e8"
"12","https://www.casemine.com/judgement/in/56b48cb7607dba348ffee698"
"13","https://www.casemine.com/judgement/in/56b48cb8607dba348ffee6e6"
"14","https://www.casemine.com/judgement/in/56092c8de4b01497111f9efc"
"15","https://www.casemine.com/judgement/in/5ac5e4c14a93261aa7950b07"
"16","https://www.casemine.com/judgement/in/5ac5e4ee4a93261ae6b3a2c0"
"17","https://www.casemine.com/judgement/in/5609abfce4b014971140dcd1"
"18","https://www.casemine.com/judgement/in/5b6493299eff430a70e448da"
"19","https://www.casemine.com/judgement/in/5b1a503d4a932631a5a0e9ca"
"20","https://www.casemine.com/judgement/in/5ac5e4c94a93261aa79542ce"
"21","https://www.casemine.com/judgement/in/5b1a49a74a932631a5a0e3f3"
"22","https://www.casemine.com/judgement/in/5b1a49a74a932631a5a0e3f2"
"23","https://www.casemine.com/judgement/in/5b1a4d134a932631a5a0e596"
"24","https://www.casemine.com/judgement/in/5b1a49a74a932631a5a0e3f4"
"25","https://www.casemine.com/judgement/in/5b1a4ce54a932631a5a0e564"
"26","https://www.casemine.com/judgement/in/5b1a4b2c4a932631a5a0e461"
"27","https://www.casemine.com/judgement/in/5b1a4b2c4a932631a5a0e45f"
"28","https://www.casemine.com/judgement/in/56b48ccb607dba348ffeee45"
"29","https://www.casemine.com/judgement/in/5b1a4b324a932631a5a0e468"
"30","https://www.casemine.com/judgement/in/5b1a4d134a932631a5a0e598"
"31","https://www.casemine.com/judgement/in/56b48cca607dba348ffeedb4"
"32","https://www.casemine.com/judgement/in/56b48ca4607dba348ffedc77"
"33","https://www.casemine.com/judgement/in/5b1a4b2c4a932631a5a0e45d"
"34","https://www.casemine.com/judgement/in/56ea9783607dba377ff11114"
"35","https://www.casemine.com/judgement/in/5b1a4ae64a932631a5a0e434"
"36","https://www.casemine.com/judgement/in/5b1a4da24a932631a5a0e677"
"37","https://www.casemine.com/judgement/in/5b1a4ae64a932631a5a0e435"
"38","https://www.casemine.com/judgement/in/5b1a4ae04a932631a5a0e42f"
"39","https://www.casemine.com/judgement/in/5ac5e4c24a93261aa795112e"
"40","https://www.casemine.com/judgement/in/5b1a4ae64a932631a5a0e436"
"41","https://www.casemine.com/judgement/in/56b49172607dba348fffc1c0"
"42","https://www.casemine.com/judgement/in/5ac5e4f34a93261ae6b3c65d"
"43","https://www.casemine.com/judgement/in/5b1a4d1f4a932631a5a0e5b5"
"44","https://www.casemine.com/judgement/in/5c23b24c9eff4309994e517b"
"45","https://www.casemine.com/judgement/in/5b1a4b2c4a932631a5a0e460"
"46","https://www.casemine.com/judgement/in/5b1a4b2c4a932631a5a0e465"
"47","https://www.casemine.com/judgement/in/5b1a4b2c4a932631a5a0e45c"
"48","https://www.casemine.com/judgement/in/5b1a4b2c4a932631a5a0e464"
"49","https://www.casemine.com/judgement/in/5ac5e4c94a93261aa79542cd"
"50","https://www.casemine.com/judgement/in/5b1a4b2c4a932631a5a0e45e"
"51","https://www.casemine.com/judgement/in/5ac5e4b54a93261aa794ba92"
"52","https://www.casemine.com/judgement/in/5ac5e4bc4a93261aa794eef7"
"53","https://www.casemine.com/judgement/in/56b4915b607dba348fffbdda"
"54","https://www.casemine.com/judgement/in/56b48d40607dba348fff2279"
"55","https://www.casemine.com/judgement/in/56b48cad607dba348ffee126"
"56","https://www.casemine.com/judgement/in/5ac5e4bc4a93261aa794eefc"
"57","https://www.casemine.com/judgement/in/5ac5e4cc4a93261aa7955bf4"
"58","https://www.casemine.com/judgement/in/5ac5e4aa4a93261aa7946a36"
"59","https://www.casemine.com/judgement/in/5ac5e4aa4a93261aa7946a38"
"60","https://www.casemine.com/judgement/in/56b48cb5607dba348ffee505"
"61","https://www.casemine.com/judgement/in/56b48cb8607dba348ffee6c7"
"62","https://www.casemine.com/judgement/in/56b48cb5607dba348ffee51c"
"63","https://www.casemine.com/judgement/in/5ac5e4c14a93261aa7950b05"
"64","https://www.casemine.com/judgement/in/5ac5e4cc4a93261aa7955bf1"
"65","https://www.casemine.com/judgement/in/5b1a50c54a932631a5a0ea40"
"66","https://www.casemine.com/judgement/in/5ac5e4bc4a93261aa794eef4"
"67","https://www.casemine.com/judgement/in/5ac5e4c14a93261aa7950be7"
"68","https://www.casemine.com/judgement/in/5ac5e4c14a93261aa7950b02"
"69","https://www.casemine.com/judgement/in/5ac5e4c34a93261aa795174b"
"70","https://www.casemine.com/judgement/in/5ac5e4c94a93261aa79542d3"
"71","https://www.casemine.com/judgement/in/5ac5e4c34a93261aa795174d"
"72","https://www.casemine.com/judgement/in/5c6449f49eff436362c00ab2"
"73","https://www.casemine.com/judgement/in/5ac5e4ee4a93261ae6b3a2bf"
"74","https://www.casemine.com/judgement/in/56b48cae607dba348ffee209"
"75","https://www.casemine.com/judgement/in/56ea9527607dba377ff10fa0"
"76","https://www.casemine.com/judgement/in/56ea9546607dba377ff10fbe"
"77","https://www.casemine.com/judgement/in/5b1a4ce54a932631a5a0e563"
"78","https://www.casemine.com/judgement/in/5c3e0d4c9eff4330483af2b3"
"79","https://www.casemine.com/judgement/in/56ea951e607dba377ff10f94"
"80","https://www.casemine.com/judgement/in/5b1a3e3c4a932631a5a0c973"
"81","https://www.casemine.com/judgement/in/5ac5e4bc4a93261aa794eefa"
"82","https://www.casemine.com/judgement/in/5b1a4b2c4a932631a5a0e462"
"83","https://www.casemine.com/judgement/in/5c23b26c9eff4309994e5196"
"84","https://www.casemine.com/judgement/in/5ac5e4e04a93261ae6b338bf"
"85","https://www.casemine.com/judgement/in/5b1a503d4a932631a5a0e9c8"
"86","https://www.casemine.com/judgement/in/5ac5e4c14a93261aa7950aff"
"87","https://www.casemine.com/judgement/in/56b48cae607dba348ffee208"
"88","https://www.casemine.com/judgement/in/5b1a4ce54a932631a5a0e566"
"89","https://www.casemine.com/judgement/in/5ac5e4c94a93261aa79542cf"
"90","https://www.casemine.com/judgement/in/5b1a4e7c4a932631a5a0e78d"
"91","https://www.casemine.com/judgement/in/5ac5e4f94a93261ae6b3f0a9"
"92","https://www.casemine.com/judgement/in/5ac5e4e04a93261ae6b338be"
"93","https://www.casemine.com/judgement/in/56ea9522607dba377ff10f98"
"94","https://www.casemine.com/judgement/in/5ac5e4c14a93261aa7950be8"
"95","https://www.casemine.com/judgement/in/5ac5e4cc4a93261aa7955bf3"
"96","https://www.casemine.com/judgement/in/5b1a4edd4a932631a5a0e833"
"97","https://www.casemine.com/judgement/in/5ac5e4cd4a93261aa79562c0"
"98","https://www.casemine.com/judgement/in/5ac5e4c14a93261aa7950b01"
"99","https://www.casemine.com/judgement/in/5ac5e4c24a93261aa79512bd"
"100","https://www.casemine.com/judgement/in/5ba6e4869eff436a8838c8bf"
"101","https://www.casemine.com/judgement/in/5767b101e691cb22da6d0a7a"
"102","https://www.casemine.com/judgement/in/5ac5e4c14a93261aa7950b09"
"103","https://www.casemine.com/judgement/in/5b1a4ca04a932631a5a0e507"
"104","https://www.casemine.com/judgement/in/5ac5e4c24a93261aa79512bb"
"105","https://www.casemine.com/judgement/in/5ac5e4c14a93261aa7950b0a"
"106","https://www.casemine.com/judgement/in/5ac5e4c14a93261aa7950be9"
"107","https://www.casemine.com/judgement/in/5ac5e4c34a93261aa795174c"
"108","https://www.casemine.com/judgement/in/56e0f31a607dba38965ff614"
"109","https://www.casemine.com/judgement/in/56b48cb1607dba348ffee3ea"
"110","https://www.casemine.com/judgement/in/56b48cad607dba348ffee124"
"111","https://www.casemine.com/judgement/in/56b48cb1607dba348ffee3d3"
"112","https://www.casemine.com/judgement/in/5ac5e4bc4a93261aa794eefb"
"113","https://www.casemine.com/judgement/in/5b6b22b09eff430da3fe2e56"
"114","https://www.casemine.com/judgement/in/5b64934f9eff430a70e448e7"
"115","https://www.casemine.com/judgement/in/56b48d76607dba348fff30c3"
"116","https://www.casemine.com/judgement/in/5ac5e4cc4a93261aa7955bf2"
"117","https://www.casemine.com/judgement/in/5b1a4f2e4a932631a5a0e83a"
"118","https://www.casemine.com/judgement/in/5ac5e4c94a93261aa79542d1"
"119","https://www.casemine.com/judgement/in/5b8af1f19eff430e13922198"
"120","https://www.casemine.com/judgement/in/5bb95fbf9eff430d5cba5375"
"121","https://www.casemine.com/judgement/in/5bb95fbf9eff430b967aa7ee"
"122","https://www.casemine.com/judgement/in/5bdaceaeb338d10b408f4ae9"
"123","https://www.casemine.com/judgement/in/5ac5e4c24a93261aa795112f"
"124","https://www.casemine.com/judgement/in/5b6493269eff430a70e448d9"
"125","https://www.casemine.com/judgement/in/5b1a4e0f4a932631a5a0e6fa"
"126","https://www.casemine.com/judgement/in/5ac5e4bc4a93261aa794eef9"
"127","https://www.casemine.com/judgement/in/5b1a4da64a932631a5a0e680"
"128","https://www.casemine.com/judgement/in/5ac5e4aa4a93261aa7946a37"
"129","https://www.casemine.com/judgement/in/5b1a50124a932631a5a0e9a7"
"130","https://www.casemine.com/judgement/in/5ac5e4c24a93261aa795112d"
"131","https://www.casemine.com/judgement/in/5ac5e4f44a93261ae6b3cf3d"
"132","https://www.casemine.com/judgement/in/5b1a4dff4a932631a5a0e6e1"
"133","https://www.casemine.com/judgement/in/5b1a4e1f4a932631a5a0e702"
"134","https://www.casemine.com/judgement/in/5ac5e4c94a93261aa79542d0"
"135","https://www.casemine.com/judgement/in/5b1a4f2e4a932631a5a0e83b"
"136","https://www.casemine.com/judgement/in/5b1a4d434a932631a5a0e5e9"
"137","https://www.casemine.com/judgement/in/56b48cae607dba348ffee1d9"
"138","https://www.casemine.com/judgement/in/5ac5e4c24a93261aa7951131"
"139","https://www.casemine.com/judgement/in/5b1a4f4d4a932631a5a0e87d"
"140","https://www.casemine.com/judgement/in/5b6493499eff430a70e448e5"
"141","https://www.casemine.com/judgement/in/5c659aa79eff436362c00b05"
"142","https://www.casemine.com/judgement/in/5ac5e4f34a93261ae6b3c65f"
"143","https://www.casemine.com/judgement/in/5b1a4ed24a932631a5a0e82a"
"144","https://www.casemine.com/judgement/in/5ac5e4c24a93261aa795112c"
"145","https://www.casemine.com/judgement/in/5c30a8049eff432f24b9be97"
"146","https://www.casemine.com/judgement/in/5ac5e4c24a93261aa79512bc"
"147","https://www.casemine.com/judgement/in/5ac5e4c14a93261aa7950bea"
"148","https://www.casemine.com/judgement/in/5ac5e4e04a93261ae6b338bd"
"149","https://www.casemine.com/judgement/in/5b5975034a9326166d8812f6"
"150","https://www.casemine.com/judgement/in/56b48caf607dba348ffee254"
"151","https://www.casemine.com/judgement/in/5b1a4d994a932631a5a0e65b"
"152","https://www.casemine.com/judgement/in/5ac5e4c34a93261aa795174a"
"153","https://www.casemine.com/judgement/in/56b49174607dba348fffc1fb"
"154","https://www.casemine.com/judgement/in/5b1a4f4a4a932631a5a0e86f"
"155","https://www.casemine.com/judgement/in/5609abe2e4b014971140d87d"
"156","https://www.casemine.com/judgement/in/5ac5e4c14a93261aa7950b04"
"157","https://www.casemine.com/judgement/in/5b1a4ffc4a932631a5a0e980"
"158","https://www.casemine.com/judgement/in/5ac5e4f94a93261ae6b3f0a7"
"159","https://www.casemine.com/judgement/in/5ac5e4fa4a93261ae6b3fda9"
"160","https://www.casemine.com/judgement/in/5b1a4e7f4a932631a5a0e79a"
"161","https://www.casemine.com/judgement/in/5ac5e4f94a93261ae6b3f0a8"
"162","https://www.casemine.com/judgement/in/5e01cd7e8ef15245316be840"
"163","https://www.casemine.com/judgement/in/5b5972b74a9326166d8812c7"
"164","https://www.casemine.com/judgement/in/5ac5e4fa4a93261ae6b3fdaa"
"165","https://www.casemine.com/judgement/in/5c43536d9eff4309c2ec62b6"
"166","https://www.casemine.com/judgement/in/5ac5e4c94a93261aa79542d2"
"167","https://www.casemine.com/judgement/in/5b1a4e3c4a932631a5a0e71f"
"168","https://www.casemine.com/judgement/in/5b1a4e554a932631a5a0e74e"
"169","https://www.casemine.com/judgement/in/5b1a4fae4a932631a5a0e938"
"170","https://www.casemine.com/judgement/in/5b1a43984a932631a5a0e176"
"171","https://www.casemine.com/judgement/in/5ac5e4aa4a93261aa7946a35"
"172","https://www.casemine.com/judgement/in/5b1a43864a932631a5a0e14e"
"173","https://www.casemine.com/judgement/in/56b48ca3607dba348ffedc07"
"174","https://www.casemine.com/judgement/in/56b48cae607dba348ffee203"
"175","https://www.casemine.com/judgement/in/56092c9be4b01497111fa1d4"
"176","https://www.casemine.com/judgement/in/56b49561607dba348f012963"
"177","https://www.casemine.com/judgement/in/5e01cd7d8ef15245316be83f"
"178","https://www.casemine.com/judgement/in/56b48cb4607dba348ffee4fc"
"179","https://www.casemine.com/judgement/in/5b1a50394a932631a5a0e9c1"
"180","https://www.casemine.com/judgement/in/5c1e32099eff4313836e146a"
"181","https://www.casemine.com/judgement/in/5ac5e4aa4a93261aa7946a39"
"182","https://www.casemine.com/judgement/in/5b1a4f2e4a932631a5a0e83c"
"183","https://www.casemine.com/judgement/in/56092c80e4b01497111f9c8d"
"184","https://www.casemine.com/judgement/in/5ac5e4994a93261aa793f89c"
"185","https://www.casemine.com/judgement/in/56b48cb5607dba348ffee520"
"186","https://www.casemine.com/judgement/in/56092c9ee4b01497111fa1da"
"187","https://www.casemine.com/judgement/in/5b1a50024a932631a5a0e98e"
"188","https://www.casemine.com/judgement/in/5b1a4ce54a932631a5a0e565"
"189","https://www.casemine.com/judgement/in/5b1a4e764a932631a5a0e783"
"190","https://www.casemine.com/judgement/in/5ac5e4c14a93261aa7950b00"
"191","https://www.casemine.com/judgement/in/5c4353709eff4309c2ec62b7"
"192","https://www.casemine.com/judgement/in/5b1a4f2e4a932631a5a0e83d"
"193","https://www.casemine.com/judgement/in/5b1a4ea64a932631a5a0e7e8"
"194","https://www.casemine.com/judgement/in/5ac5e4c14a93261aa7950b06"
"195","https://www.casemine.com/judgement/in/5ac5e4bc4a93261aa794eef8"
"196","https://www.casemine.com/judgement/in/5ac5e4ee4a93261ae6b3a2c1"
"197","https://www.casemine.com/judgement/in/5b1a4e7f4a932631a5a0e799"
"198","https://www.casemine.com/judgement/in/5b1a45514a932631a5a0e3ab"
"199","https://www.casemine.com/judgement/in/5ac5e4c14a93261aa7950b0b"
"200","https://www.casemine.com/judgement/in/5b1a503d4a932631a5a0e9c9"
"201","https://www.casemine.com/judgement/in/56092c67e4b01497111f995a"
"202","https://www.casemine.com/judgement/in/5b6493619eff430a70e448eb"
"203","https://www.casemine.com/judgement/in/56e66abf607dba6b53436b80"
"204","https://www.casemine.com/judgement/in/5b1a4f644a932631a5a0e8bd"
"205","https://www.casemine.com/judgement/in/5b1a4dd94a932631a5a0e6cf"
"206","https://www.casemine.com/judgement/in/5b1a4e7c4a932631a5a0e78e"
"207","https://www.casemine.com/judgement/in/5b1a4e614a932631a5a0e759"
"208","https://www.casemine.com/judgement/in/5b1a4ea94a932631a5a0e7ec"
"209","https://www.casemine.com/judgement/in/5bc1ed119eff430e946a9500"
"210","https://www.casemine.com/judgement/in/5c659aa69eff436362c00b04"
"211","https://www.casemine.com/judgement/in/5bb7b23e9eff430b177254bf"
"212","https://www.casemine.com/judgement/in/5b6b229c9eff430da3fe2e55"
"213","https://www.casemine.com/judgement/in/5b96b1259eff4331b3c4666e"
"214","https://www.casemine.com/judgement/in/5b1a4ffc4a932631a5a0e97f"
"215","https://www.casemine.com/judgement/in/5c23b1f29eff4309994e514c"
"216","https://www.casemine.com/judgement/in/5ac5e4f94a93261ae6b3f0a6"
"217","https://www.casemine.com/judgement/in/5b6493429eff430a70e448e4"
"218","https://www.casemine.com/judgement/in/5b1a4f2e4a932631a5a0e842"
"219","https://www.casemine.com/judgement/in/5b1a4ab94a932631a5a0e423"
"220","https://www.casemine.com/judgement/in/5b1a4aa44a932631a5a0e40f"
"221","https://www.casemine.com/judgement/in/5811a4fee691cb26fc4da291"
"222","https://www.casemine.com/judgement/in/56b48cca607dba348ffeed81"
"223","https://www.casemine.com/judgement/in/56092c81e4b01497111f9cad"
"224","https://www.casemine.com/judgement/in/5b1a4d9e4a932631a5a0e663"
"225","https://www.casemine.com/judgement/in/5b1a4ab34a932631a5a0e41e"
"226","https://www.casemine.com/judgement/in/5b1a4aaa4a932631a5a0e417"
"227","https://www.casemine.com/judgement/in/5b1a4ce54a932631a5a0e56a"
"228","https://www.casemine.com/judgement/in/5c23b2929eff4309994e51ac"
"229","https://www.casemine.com/judgement/in/5b1a4f2e4a932631a5a0e843"
"230","https://www.casemine.com/judgement/in/56b49611607dba348f01669d"
"231","https://www.casemine.com/judgement/in/5b1a4f2e4a932631a5a0e845"
"232","https://www.casemine.com/judgement/in/5c0bbb9f9eff430d10d9a4f8"
"233","https://www.casemine.com/judgement/in/5b8af1db9eff430e13922190"
"234","https://www.casemine.com/judgement/in/5b1a4ab94a932631a5a0e42a"
"235","https://www.casemine.com/judgement/in/5c59be389eff4333856aecb1"
"236","https://www.casemine.com/judgement/in/5c3e0d539eff4330483af2b6"
"237","https://www.casemine.com/judgement/in/5b1a4fe04a932631a5a0e962"
"238","https://www.casemine.com/judgement/in/56b48ca7607dba348ffedea6"
"239","https://www.casemine.com/judgement/in/5b1a4f2e4a932631a5a0e846"
"240","https://www.casemine.com/judgement/in/5b1a4f2e4a932631a5a0e844"
"241","https://www.casemine.com/judgement/in/5b1a50a64a932631a5a0ea27"
"242","https://www.casemine.com/judgement/in/5c1295219eff430cc7898011"
"243","https://www.casemine.com/judgement/in/5b8af1dd9eff430e13922191"
"244","https://www.casemine.com/judgement/in/5b1a4f954a932631a5a0e916"
"245","https://www.casemine.com/judgement/in/5b1a4fff4a932631a5a0e986"
"246","https://www.casemine.com/judgement/in/5b1a4fa84a932631a5a0e92d"
"247","https://www.casemine.com/judgement/in/56092c7ee4b01497111f9c17"
"248","https://www.casemine.com/judgement/in/5b6b22979eff430da3fe2e54"
"249","https://www.casemine.com/judgement/in/5b1a4eb94a932631a5a0e800"
"250","https://www.casemine.com/judgement/in/5b1a50c54a932631a5a0ea3e"
"251","https://www.casemine.com/judgement/in/5b1a4dd94a932631a5a0e6ce"
"252","https://www.casemine.com/judgement/in/5b1a4b2c4a932631a5a0e467"
"253","https://www.casemine.com/judgement/in/5b1a4d8e4a932631a5a0e64b"
"254","https://www.casemine.com/judgement/in/56092c95e4b01497111fa084"
"255","https://www.casemine.com/judgement/in/56e66abf607dba6b53436b8c"
"256","https://www.casemine.com/judgement/in/56b48ca2607dba348ffedb73"
"257","https://www.casemine.com/judgement/in/5b1a4f7b4a932631a5a0e8de"
"258","https://www.casemine.com/judgement/in/5b1a41394a932631a5a0d6ed"
"259","https://www.casemine.com/judgement/in/5b1a4ddc4a932631a5a0e6d8"
"260","https://www.casemine.com/judgement/in/5b3a78729eff435a3cf353a3"
"261","https://www.casemine.com/judgement/in/5c1e32419eff4313836e1483"
"262","https://www.casemine.com/judgement/in/5c23b2469eff4309994e5178"
"263","https://www.casemine.com/judgement/in/5b1a4f924a932631a5a0e909"
"264","https://www.casemine.com/judgement/in/5b1a4ed94a932631a5a0e831"
"265","https://www.casemine.com/judgement/in/5b1a50024a932631a5a0e98d"
"266","https://www.casemine.com/judgement/in/5b4cd0ef9eff431bb5465d7d"
"267","https://www.casemine.com/judgement/in/5b1a4b2c4a932631a5a0e466"
"268","https://www.casemine.com/judgement/in/5b1a4ea64a932631a5a0e7e7"
"269","https://www.casemine.com/judgement/in/5be0760e9eff431ae42ab424"
"270","https://www.casemine.com/judgement/in/5b1a4f924a932631a5a0e90a"
"271","https://www.casemine.com/judgement/in/5b633bd49eff437954e40c3a"
"272","https://www.casemine.com/judgement/in/5b1a4ae04a932631a5a0e430"
"273","https://www.casemine.com/judgement/in/5b8af1df9eff430e13922192"
"274","https://www.casemine.com/judgement/in/5b1a4fe94a932631a5a0e96b"
"275","https://www.casemine.com/judgement/in/5c1e320e9eff4313836e146c"
"276","https://www.casemine.com/judgement/in/5ba91b529eff436a115972c4"
"277","https://www.casemine.com/judgement/in/5de4dd6f46571b2fd68a2c30"
"278","https://www.casemine.com/judgement/in/5b6493319eff430a70e448dd"
"279","https://www.casemine.com/judgement/in/5b1a4ed24a932631a5a0e827"
"280","https://www.casemine.com/judgement/in/5b1a50534a932631a5a0e9da"
"281","https://www.casemine.com/judgement/in/5b1a4fff4a932631a5a0e987"
"282","https://www.casemine.com/judgement/in/5ba91b589eff436a115972c5"
"283","https://www.casemine.com/judgement/in/5b1a507e4a932631a5a0ea00"
"284","https://www.casemine.com/judgement/in/5b1a3f674a932631a5a0d02e"
"285","https://www.casemine.com/judgement/in/5c3e0d579eff4330483af2b8"
"286","https://www.casemine.com/judgement/in/56092c97e4b01497111fa0ea"
"287","https://www.casemine.com/judgement/in/5c23b2739eff4309994e519a"
"288","https://www.casemine.com/judgement/in/5c5eca469eff430ba24c88dc"
"289","https://www.casemine.com/judgement/in/5bac3c4d9eff430ce6531984"
"290","https://www.casemine.com/judgement/in/5b1a4d504a932631a5a0e5f7"
"291","https://www.casemine.com/judgement/in/5b5974754a9326166d8812e5"
"292","https://www.casemine.com/judgement/in/5be0760a9eff431ae42ab422"
"293","https://www.casemine.com/judgement/in/5b1a4ae04a932631a5a0e431"
"294","https://www.casemine.com/judgement/in/5b1a4d234a932631a5a0e5c2"
"295","https://www.casemine.com/judgement/in/5c0bbba49eff430d10d9a4fa"
"296","https://www.casemine.com/judgement/in/5bdad241b338d10b408f4dac"
"297","https://www.casemine.com/judgement/in/5b1a4d0f4a932631a5a0e58d"
"298","https://www.casemine.com/judgement/in/5b1a4d434a932631a5a0e5e7"
"299","https://www.casemine.com/judgement/in/56b495bc607dba348f01486c"
"300","https://www.casemine.com/judgement/in/5b1a4fa24a932631a5a0e91f"
"301","https://www.casemine.com/judgement/in/5b1a50784a932631a5a0e9fb"
"302","https://www.casemine.com/judgement/in/56b493ad607dba348f007cb9"
"303","https://www.casemine.com/judgement/in/5b1a4fa84a932631a5a0e92b"
"304","https://www.casemine.com/judgement/in/5c716acc9eff4312dfbb5fbf"
"305","https://www.casemine.com/judgement/in/5be075fd9eff431ae42ab416"
"306","https://www.casemine.com/judgement/in/5b1a4ed24a932631a5a0e825"
"307","https://www.casemine.com/judgement/in/5bb7b23b9eff430b177254be"
"308","https://www.casemine.com/judgement/in/56092c62e4b01497111f9885"
"309","https://www.casemine.com/judgement/in/5c3e0d449eff4330483af2af"
"310","https://www.casemine.com/judgement/in/5c716ac59eff4312dfbb5fbd"
"311","https://www.casemine.com/judgement/in/5b1a4fcd4a932631a5a0e959"
"312","https://www.casemine.com/judgement/in/5b1a4eb94a932631a5a0e803"
"313","https://www.casemine.com/judgement/in/5c5c5f299eff430a49c0648f"
"314","https://www.casemine.com/judgement/in/5b1a4fe04a932631a5a0e961"
"315","https://www.casemine.com/judgement/in/5be076079eff431ae42ab41f"
"316","https://www.casemine.com/judgement/in/56b48ccc607dba348ffeeee7"
"317","https://www.casemine.com/judgement/in/5c30a8079eff432f24b9be9a"
"318","https://www.casemine.com/judgement/in/5c716ac99eff4312dfbb5fbe"
"319","https://www.casemine.com/judgement/in/5c5ecab69eff430ba24c890c"
"320","https://www.casemine.com/judgement/in/5b1a4ec04a932631a5a0e814"
"321","https://www.casemine.com/judgement/in/56b48ccb607dba348ffeeded"
"322","https://www.casemine.com/judgement/in/5c3cbc949eff4309fe72c4c6"
"323","https://www.casemine.com/judgement/in/5c2771f69eff4309efed92a9"
"324","https://www.casemine.com/judgement/in/5bfec56f9eff430ae5f91d69"
"325","https://www.casemine.com/judgement/in/5b1a4ed24a932631a5a0e824"
"326","https://www.casemine.com/judgement/in/56092c7ce4b01497111f9beb"
"327","https://www.casemine.com/judgement/in/5c3cbc9f9eff4309fe72c4c8"
"328","https://www.casemine.com/judgement/in/5b1a4eb94a932631a5a0e7fe"
"329","https://www.casemine.com/judgement/in/5e4a23c046571b197a3479ad"
"330","https://www.casemine.com/judgement/in/5b1a4fa84a932631a5a0e92a"
"331","https://www.casemine.com/judgement/in/5b6493369eff430a70e448df"
"332","https://www.casemine.com/judgement/in/5c8d1ba79eff430a1ad75b25"
"333","https://www.casemine.com/judgement/in/5b1a50c54a932631a5a0ea3c"
"334","https://www.casemine.com/judgement/in/5b1a4d8b4a932631a5a0e646"
"335","https://www.casemine.com/judgement/in/5b5974754a9326166d8812e4"
"336","https://www.casemine.com/judgement/in/5b1a500f4a932631a5a0e9a0"
"337","https://www.casemine.com/judgement/in/5c30a7f29eff432f24b9be8a"
"338","https://www.casemine.com/judgement/in/5b3a78729eff435a3cf353a4"
"339","https://www.casemine.com/judgement/in/5b633bd19eff437954e40c39"
"340","https://www.casemine.com/judgement/in/5c06ae1b9eff430cc7897e02"
"341","https://www.casemine.com/judgement/in/5b1a4ec04a932631a5a0e80e"
"342","https://www.casemine.com/judgement/in/5c06ae209eff430cc7897e03"
"343","https://www.casemine.com/judgement/in/56b48cb7607dba348ffee67f"
"344","https://www.casemine.com/judgement/in/5b1a41ab4a932631a5a0d9bc"
"345","https://www.casemine.com/judgement/in/5b96b0fb9eff4331b3c46668"
"346","https://www.casemine.com/judgement/in/5b1a50c54a932631a5a0ea3d"
"347","https://www.casemine.com/judgement/in/5b1a4fbb4a932631a5a0e947"
"348","https://www.casemine.com/judgement/in/5b1a42654a932631a5a0de12"
"349","https://www.casemine.com/judgement/in/5b1a42554a932631a5a0ddbc"
"350","https://www.casemine.com/judgement/in/56b4956b607dba348f012dd9"
"351","https://www.casemine.com/judgement/in/5c5ecaba9eff430ba24c890e"
"352","https://www.casemine.com/judgement/in/5b1a50784a932631a5a0e9fc"
"353","https://www.casemine.com/judgement/in/5b1a4da64a932631a5a0e67f"
"354","https://www.casemine.com/judgement/in/5be076039eff431ae42ab41c"
"355","https://www.casemine.com/judgement/in/56ea970a607dba377ff110f1"
"356","https://www.casemine.com/judgement/in/5b1a50d74a932631a5a0ea58"
"357","https://www.casemine.com/judgement/in/56b495c0607dba348f014a25"
"358","https://www.casemine.com/judgement/in/5bd4603b9eff430a64247cde"
"359","https://www.casemine.com/judgement/in/5b1a4a194a932631a5a0e3ff"
"360","https://www.casemine.com/judgement/in/5de4dd7046571b2fd68a2c31"
"361","https://www.casemine.com/judgement/in/5ac5e46f4a93261aa792c978"
"362","https://www.casemine.com/judgement/in/5b1a50c54a932631a5a0ea3f"
"363","https://www.casemine.com/judgement/in/5b1a4fa84a932631a5a0e92c"
"364","https://www.casemine.com/judgement/in/5b1a4ffc4a932631a5a0e97e"
"365","https://www.casemine.com/judgement/in/56b48ca2607dba348ffedb83"
"366","https://www.casemine.com/judgement/in/5b1a4b0c4a932631a5a0e44e"
"367","https://www.casemine.com/judgement/in/56ea9782607dba377ff11113"
"368","https://www.casemine.com/judgement/in/5b1a4fab4a932631a5a0e934"
"369","https://www.casemine.com/judgement/in/5b33d3da9eff432cc477ccd9"
"370","https://www.casemine.com/judgement/in/5b1a504d4a932631a5a0e9d4"
"371","https://www.casemine.com/judgement/in/5b1a50534a932631a5a0e9db"
"372","https://www.casemine.com/judgement/in/5b64932e9eff430a70e448dc"
"373","https://www.casemine.com/judgement/in/5b8820629eff430da3fe49e0"
"374","https://www.casemine.com/judgement/in/5b1a4fcd4a932631a5a0e958"
"375","https://www.casemine.com/judgement/in/5b1a503d4a932631a5a0e9cd"
"376","https://www.casemine.com/judgement/in/5b94355d9eff430e13923bae"
"377","https://www.casemine.com/judgement/in/5b64932b9eff430a70e448db"
"378","https://www.casemine.com/judgement/in/5bd9dcaf9eff430a1b47fdc6"
"379","https://www.casemine.com/judgement/in/5b5974754a9326166d8812e2"
"380","https://www.casemine.com/judgement/in/5b1a50a34a932631a5a0ea26"
"381","https://www.casemine.com/judgement/in/5c0bbbbf9eff430d10d9a501"
"382","https://www.casemine.com/judgement/in/5b1a42554a932631a5a0ddb9"
"383","https://www.casemine.com/judgement/in/5b9435619eff430e13923baf"
"384","https://www.casemine.com/judgement/in/5bb7b2409eff430b177254c0"
"385","https://www.casemine.com/judgement/in/5bd460339eff430a64247cd5"
"386","https://www.casemine.com/judgement/in/5b1a4d3c4a932631a5a0e5e3"
"387","https://www.casemine.com/judgement/in/56b495f2607dba348f015f02"
"388","https://www.casemine.com/judgement/in/56092c7ae4b01497111f9b79"
"389","https://www.casemine.com/judgement/in/56b48cca607dba348ffeed80"
"390","https://www.casemine.com/judgement/in/5b1a473e4a932631a5a0e3e0"
"391","https://www.casemine.com/judgement/in/5c4353679eff4309c2ec62b5"
"392","https://www.casemine.com/judgement/in/5c23b27e9eff4309994e519e"
"393","https://www.casemine.com/judgement/in/5b96b0f69eff4331b3c46667"
"394","https://www.casemine.com/judgement/in/5c2771ec9eff4309efed92a6"
"395","https://www.casemine.com/judgement/in/5b5974754a9326166d8812e3"
"396","https://www.casemine.com/judgement/in/5db93e11714d5839ab36dfd1"
"397","https://www.casemine.com/judgement/in/5ba91b659eff436a115972c6"
"398","https://www.casemine.com/judgement/in/5bb7b2389eff430b177254bd"
"399","https://www.casemine.com/judgement/in/5b33d3da9eff432cc477ccda"
"400","https://www.casemine.com/judgement/in/5c30a8169eff432f24b9bea2"
"401","https://www.casemine.com/judgement/in/56b48ca3607dba348ffedc4a"
"402","https://www.casemine.com/judgement/in/56b48cca607dba348ffeed67"
"403","https://www.casemine.com/judgement/in/5c3cbc9a9eff4309fe72c4c7"
"404","https://www.casemine.com/judgement/in/5b1a48894a932631a5a0e3e9"
"405","https://www.casemine.com/judgement/in/56b48cca607dba348ffeed62"
"406","https://www.casemine.com/judgement/in/56b48cca607dba348ffeed64"
"407","https://www.casemine.com/judgement/in/5c6449e69eff436362c00aaf"
"408","https://www.casemine.com/judgement/in/5c23b29c9eff4309994e51b3"
"409","https://www.casemine.com/judgement/in/56b48cca607dba348ffeecf5"
"410","https://www.casemine.com/judgement/in/5ac5e44b4a93261aa791c9dc"
"411","https://www.casemine.com/judgement/in/56b48cca607dba348ffeed60"
"412","https://www.casemine.com/judgement/in/5be9af5b9eff431ae42abb10"
"413","https://www.casemine.com/judgement/in/5767b0fde691cb22da6d0147"
"414","https://www.casemine.com/judgement/in/5be6d2ba9eff431b33ae2701"
"415","https://www.casemine.com/judgement/in/56b48c9d607dba348ffeda98"
"416","https://www.casemine.com/judgement/in/5c2771e79eff4309efed92a4"
"417","https://www.casemine.com/judgement/in/5b6493339eff430a70e448de"
"418","https://www.casemine.com/judgement/in/5c23b1ec9eff4309994e514a"
"419","https://www.casemine.com/judgement/in/5767b121e691cb22da6d45ec"
"420","https://www.casemine.com/judgement/in/5b1a4d504a932631a5a0e5fa"
"421","https://www.casemine.com/judgement/in/5c1295159eff430cc789800f"
"422","https://www.casemine.com/judgement/in/56b495c7607dba348f014cc6"
"423","https://www.casemine.com/judgement/in/5c1e32059eff4313836e1468"
"424","https://www.casemine.com/judgement/in/5c3cbcca9eff4309fe72c4cf"
"425","https://www.casemine.com/judgement/in/5c23b2a09eff4309994e51b7"
"426","https://www.casemine.com/judgement/in/5b1a4d504a932631a5a0e5fb"
"427","https://www.casemine.com/judgement/in/5c2771e19eff4309efed92a2"
"428","https://www.casemine.com/judgement/in/5c30a7ee9eff432f24b9be87"
"429","https://www.casemine.com/judgement/in/56e66abd607dba6b53436b4b"
"430","https://www.casemine.com/judgement/in/5c3cbcbb9eff4309fe72c4cc"
"431","https://www.casemine.com/judgement/in/56b495d8607dba348f0157ef"
"432","https://www.casemine.com/judgement/in/56b48ca3607dba348ffedc46"
"433","https://www.casemine.com/judgement/in/5c30a8119eff432f24b9bea1"
"434","https://www.casemine.com/judgement/in/5b1a4fff4a932631a5a0e98b"
"435","https://www.casemine.com/judgement/in/5b1a50c84a932631a5a0ea45"
"436","https://www.casemine.com/judgement/in/5c1295199eff430cc7898010"
"437","https://www.casemine.com/judgement/in/5b1a4d234a932631a5a0e5b8"
"438","https://www.casemine.com/judgement/in/5b1a4d3c4a932631a5a0e5e4"
"439","https://www.casemine.com/judgement/in/56b48cae607dba348ffee204"
"440","https://www.casemine.com/judgement/in/5be6d28b9eff431b33ae26eb"
"441","https://www.casemine.com/judgement/in/56092c58e4b01497111f9679"
"442","https://www.casemine.com/judgement/in/5b1a4e394a932631a5a0e719"
"443","https://www.casemine.com/judgement/in/5c27713d9eff4309efed9269"
"444","https://www.casemine.com/judgement/in/5b1a4ba94a932631a5a0e488"
"445","https://www.casemine.com/judgement/in/5c5c5f259eff430a49c0648e"
"446","https://www.casemine.com/judgement/in/5c5c5f219eff430a49c0648d"
"447","https://www.casemine.com/judgement/in/5c716ac19eff4312dfbb5fbc"
"448","https://www.casemine.com/judgement/in/5c27712c9eff4309efed9266"
"449","https://www.casemine.com/judgement/in/5c59be3c9eff4333856aecb2"
"450","https://www.casemine.com/judgement/in/5e58c48246571b6287892ccf"
"451","https://www.casemine.com/judgement/in/5c5eca429eff430ba24c88da"
"452","https://www.casemine.com/judgement/in/5c3cbcc69eff4309fe72c4ce"
"453","https://www.casemine.com/judgement/in/56092c5ae4b01497111f96e4"
"454","https://www.casemine.com/judgement/in/56092c6fe4b01497111f9aea"
"455","https://www.casemine.com/judgement/in/5c5eca4b9eff430ba24c88dd"
"456","https://www.casemine.com/judgement/in/56b495e3607dba348f015add"
"457","https://www.casemine.com/judgement/in/56b48ca2607dba348ffedb74"
"458","https://www.casemine.com/judgement/in/5b1a4b074a932631a5a0e44a"
"459","https://www.casemine.com/judgement/in/56092c67e4b01497111f9958"
"460","https://www.casemine.com/judgement/in/5c3cbcb59eff4309fe72c4cb"
"461","https://www.casemine.com/judgement/in/5c3cbc8c9eff4309fe72c4c4"
"462","https://www.casemine.com/judgement/in/5b1a4e6a4a932631a5a0e777"
"463","https://www.casemine.com/judgement/in/56b48c9b607dba348ffed96b"
"464","https://www.casemine.com/judgement/in/56b493b9607dba348f007ff4"
"465","https://www.casemine.com/judgement/in/56092c85e4b01497111f9d6e"
"466","https://www.casemine.com/judgement/in/5c3cbcc19eff4309fe72c4cd"
"467","https://www.casemine.com/judgement/in/56092c66e4b01497111f993e"
"468","https://www.casemine.com/judgement/in/5b1a4ba94a932631a5a0e487"
"469","https://www.casemine.com/judgement/in/56b49427607dba348f00978a"
"470","https://www.casemine.com/judgement/in/5bdad14eb338d10b408f4cdf"
"471","https://www.casemine.com/judgement/in/56092c8ae4b01497111f9e40"
"472","https://www.casemine.com/judgement/in/5c23b2529eff4309994e5180"
"473","https://www.casemine.com/judgement/in/5767b10de691cb22da6d1d68"
"474","https://www.casemine.com/judgement/in/56092c85e4b01497111f9d77"
"475","https://www.casemine.com/judgement/in/56092c7be4b01497111f9ba3"
"476","https://www.casemine.com/judgement/in/5be075ef9eff431ae42ab40a"
"477","https://www.casemine.com/judgement/in/5be6d2a69eff431b33ae26f5"
"478","https://www.casemine.com/judgement/in/5be6d2819eff431b33ae26e6"
"479","https://www.casemine.com/judgement/in/56092c7ae4b01497111f9b76"
"480","https://www.casemine.com/judgement/in/5b1a4aa44a932631a5a0e414"
"481","https://www.casemine.com/judgement/in/5b1a4aa44a932631a5a0e415"
"482","https://www.casemine.com/judgement/in/5bdad252b338d10b408f4db6"
"483","https://www.casemine.com/judgement/in/5c2771429eff4309efed926a"
"484","https://www.casemine.com/judgement/in/5c6449ec9eff436362c00ab0"
"485","https://www.casemine.com/judgement/in/5ba6e41a9eff436a8838c8aa"
"486","https://www.casemine.com/judgement/in/56092c5ae4b01497111f96fa"
"487","https://www.casemine.com/judgement/in/5b1a4d134a932631a5a0e59c"
"488","https://www.casemine.com/judgement/in/5b1a4fa84a932631a5a0e932"
"489","https://www.casemine.com/judgement/in/56b495d4607dba348f015650"
"490","https://www.casemine.com/judgement/in/5b1a3c454a932631a5a0c76f"
"491","https://www.casemine.com/judgement/in/56b493c0607dba348f0081d8"
"492","https://www.casemine.com/judgement/in/5b1a4ba94a932631a5a0e489"
"493","https://www.casemine.com/judgement/in/56b48d63607dba348fff2a84"
"494","https://www.casemine.com/judgement/in/5c2771679eff4309efed9273"
"495","https://www.casemine.com/judgement/in/5609ac1ee4b014971140e140"
"496","https://www.casemine.com/judgement/in/5b44e92d9eff431bb546572a"
"497","https://www.casemine.com/judgement/in/5b5974e04a9326166d8812ec"
"498","https://www.casemine.com/judgement/in/5c3cbcaf9eff4309fe72c4ca"
"499","https://www.casemine.com/judgement/in/5bdad2e1b338d10b408f4e0e"
"500","https://www.casemine.com/judgement/in/56b48cb6607dba348ffee597"
"501","https://www.casemine.com/judgement/in/5c8d1baf9eff430a1ad75b27"
"502","https://www.casemine.com/judgement/in/5b1a50ce4a932631a5a0ea47"
"503","https://www.casemine.com/judgement/in/5b1a4b684a932631a5a0e485"
"504","https://www.casemine.com/judgement/in/5609ab6de4b014971140c739"
"505","https://www.casemine.com/judgement/in/5bdad230b338d10b408f4da1"
"506","https://www.casemine.com/judgement/in/5c3cbc909eff4309fe72c4c5"
"507","https://www.casemine.com/judgement/in/5b1a4e914a932631a5a0e7b2"
"508","https://www.casemine.com/judgement/in/5767b10de691cb22da6d1d3a"
"509","https://www.casemine.com/judgement/in/5b1a49f74a932631a5a0e3fd"
"510","https://www.casemine.com/judgement/in/5b1a4f7b4a932631a5a0e8d7"
"511","https://www.casemine.com/judgement/in/5c4c553f9eff4364f62e1e56"
"512","https://www.casemine.com/judgement/in/5c4c55469eff4364f62e1e5a"
"513","https://www.casemine.com/judgement/in/5767b10de691cb22da6d1d3c"
"514","https://www.casemine.com/judgement/in/56092c86e4b01497111f9d90"
"515","https://www.casemine.com/judgement/in/56b495c7607dba348f014cbf"
"516","https://www.casemine.com/judgement/in/5bfec5749eff430ae5f91d6a"
"517","https://www.casemine.com/judgement/in/56b49169607dba348fffbfec"
"518","https://www.casemine.com/judgement/in/56b495c7607dba348f014cce"
"519","https://www.casemine.com/judgement/in/5b1a4f504a932631a5a0e882"
"520","https://www.casemine.com/judgement/in/5b1a4fbe4a932631a5a0e953"
"521","https://www.casemine.com/judgement/in/5b1a4fec4a932631a5a0e96f"
"522","https://www.casemine.com/judgement/in/5be6d27b9eff431b33ae26e3"
"523","https://www.casemine.com/judgement/in/5c862e0d4a93260cfd876c24"
"524","https://www.casemine.com/judgement/in/5b1a4eb94a932631a5a0e7fd"
"525","https://www.casemine.com/judgement/in/56b4952b607dba348f011456"
"526","https://www.casemine.com/judgement/in/56b48cab607dba348ffee05d"
"527","https://www.casemine.com/judgement/in/5c7dfec54a93261cf990b1af"
"528","https://www.casemine.com/judgement/in/5b1a506f4a932631a5a0e9f7"
"529","https://www.casemine.com/judgement/in/5c3e0d489eff4330483af2b1"
"530","https://www.casemine.com/judgement/in/5b1a4d344a932631a5a0e5df"
"531","https://www.casemine.com/judgement/in/5b1a4fbe4a932631a5a0e94f"
"532","https://www.casemine.com/judgement/in/5c7663e04a93260c6ec222c0"
"533","https://www.casemine.com/judgement/in/5b1a4a804a932631a5a0e407"
"534","https://www.casemine.com/judgement/in/56b48cb2607dba348ffee485"
"535","https://www.casemine.com/judgement/in/56b495c0607dba348f014a37"
"536","https://www.casemine.com/judgement/in/5c3e0d4f9eff4330483af2b4"
"537","https://www.casemine.com/judgement/in/5b1a4d0f4a932631a5a0e58c"
"538","https://www.casemine.com/judgement/in/56b48cab607dba348ffee05e"
"539","https://www.casemine.com/judgement/in/5b1a50824a932631a5a0ea0a"
"540","https://www.casemine.com/judgement/in/5b1a4c044a932631a5a0e4a2"
"541","https://www.casemine.com/judgement/in/5c23b2979eff4309994e51b0"
"542","https://www.casemine.com/judgement/in/56092c6de4b01497111f9a74"
"543","https://www.casemine.com/judgement/in/5b1a4e024a932631a5a0e6e5"
"544","https://www.casemine.com/judgement/in/56b48d37607dba348fff1daf"
"545","https://www.casemine.com/judgement/in/5bd4602e9eff430a64247cd0"
"546","https://www.casemine.com/judgement/in/5be6d2a19eff431b33ae26f2"
"547","https://www.casemine.com/judgement/in/5b1a3ebd4a932631a5a0ccad"
"548","https://www.casemine.com/judgement/in/5b96b0b69eff4331b3c46659"
"549","https://www.casemine.com/judgement/in/5b1a4e524a932631a5a0e747"
"550","https://www.casemine.com/judgement/in/5c2771389eff4309efed9268"
"551","https://www.casemine.com/judgement/in/5b1a4c0a4a932631a5a0e4a9"
"552","https://www.casemine.com/judgement/in/5b1a4e0b4a932631a5a0e6f2"
"553","https://www.casemine.com/judgement/in/5c3cbc869eff4309fe72c4c3"
"554","https://www.casemine.com/judgement/in/5ac5e3804a93261a1a762483"
"555","https://www.casemine.com/judgement/in/5b1a4d434a932631a5a0e5ec"
"556","https://www.casemine.com/judgement/in/5bc1edc19eff430e946a95a8"
"557","https://www.casemine.com/judgement/in/5c5c5f2c9eff430a49c06490"
"558","https://www.casemine.com/judgement/in/5b1a505a4a932631a5a0e9e3"
"559","https://www.casemine.com/judgement/in/5b1a4d434a932631a5a0e5ee"
"560","https://www.casemine.com/judgement/in/56092c6ce4b01497111f9a4c"
"561","https://www.casemine.com/judgement/in/5b1a3caf4a932631a5a0c782"
"562","https://www.casemine.com/judgement/in/5b1a4e484a932631a5a0e733"
"563","https://www.casemine.com/judgement/in/5ac5e33c4a93261a1a743801"
"564","https://www.casemine.com/judgement/in/5be6d2b59eff431b33ae26fe"
"565","https://www.casemine.com/judgement/in/5b81b0b79eff430e1391e9a4"
"566","https://www.casemine.com/judgement/in/5b8820649eff43074e6ef568"
"567","https://www.casemine.com/judgement/in/5b8820669eff430da3fe49e1"
"568","https://www.casemine.com/judgement/in/56b4964c607dba348f017cb9"
"569","https://www.casemine.com/judgement/in/5c23b2789eff4309994e519c"
"570","https://www.casemine.com/judgement/in/5b1a4d504a932631a5a0e5f8"
"571","https://www.casemine.com/judgement/in/5b1a4e0b4a932631a5a0e6f1"
"572","https://www.casemine.com/judgement/in/5b9435da9eff430e13923bc7"
"573","https://www.casemine.com/judgement/in/5b1a47b34a932631a5a0e3e5"
"574","https://www.casemine.com/judgement/in/5a0932014a93266581ddca34"
"575","https://www.casemine.com/judgement/in/5e156f9d46571b38d5a15abe"
"576","https://www.casemine.com/judgement/in/5b1a4d504a932631a5a0e5f5"
"577","https://www.casemine.com/judgement/in/5b1a440f4a932631a5a0e28c"
"578","https://www.casemine.com/judgement/in/56092c6ee4b01497111f9aae"
"579","https://www.casemine.com/judgement/in/56b48c94607dba348ffed7b0"
"580","https://www.casemine.com/judgement/in/5e01ccff8ef15245316be7ad"
"581","https://www.casemine.com/judgement/in/56b495bc607dba348f01484b"
"582","https://www.casemine.com/judgement/in/56b48cae607dba348ffee1fc"
"583","https://www.casemine.com/judgement/in/56b48cae607dba348ffee1fa"
"584","https://www.casemine.com/judgement/in/5c2771319eff4309efed9267"
"585","https://www.casemine.com/judgement/in/56b48c9c607dba348ffeda26"
"586","https://www.casemine.com/judgement/in/5bb036b69eff430d5cba3321"
"587","https://www.casemine.com/judgement/in/5bb95f139eff430d5cba535a"
"588","https://www.casemine.com/judgement/in/5bb95f119eff430b967aa7d2"
"589","https://www.casemine.com/judgement/in/5b1a4d434a932631a5a0e5ed"
"590","https://www.casemine.com/judgement/in/5be6d2aa9eff431b33ae26f8"
"591","https://www.casemine.com/judgement/in/5b1a4f8e4a932631a5a0e8ff"
"592","https://www.casemine.com/judgement/in/5767b10de691cb22da6d1c24"
"593","https://www.casemine.com/judgement/in/5a0932004a93266581ddca32"
"594","https://www.casemine.com/judgement/in/56092c7ee4b01497111f9c2e"
"595","https://www.casemine.com/judgement/in/5bc1edd29eff430e946a95b4"
"596","https://www.casemine.com/judgement/in/56092c67e4b01497111f996f"
"597","https://www.casemine.com/judgement/in/56092c85e4b01497111f9d6d"
"598","https://www.casemine.com/judgement/in/5b1a4e0b4a932631a5a0e6f6"
"599","https://www.casemine.com/judgement/in/5e01cf648ef15245316bea81"
"600","https://www.casemine.com/judgement/in/5c23b23f9eff4309994e5173"
"601","https://www.casemine.com/judgement/in/5b1a4fa24a932631a5a0e923"
"602","https://www.casemine.com/judgement/in/5b1a4e454a932631a5a0e731"
"603","https://www.casemine.com/judgement/in/56092c93e4b01497111fa031"
"604","https://www.casemine.com/judgement/in/56b48cae607dba348ffee1d8"
"605","https://www.casemine.com/judgement/in/56b48d4b607dba348fff24dc"
"606","https://www.casemine.com/judgement/in/5b84277d9eff430da3fe482f"
"607","https://www.casemine.com/judgement/in/5b8427789eff430da3fe482e"
"608","https://www.casemine.com/judgement/in/5b81b0c79eff430e1391e9a7"
"609","https://www.casemine.com/judgement/in/56092c82e4b01497111f9cca"
"610","https://www.casemine.com/judgement/in/56b48ca7607dba348ffedea0"
"611","https://www.casemine.com/judgement/in/56b49637607dba348f01766a"
"612","https://www.casemine.com/judgement/in/56092c70e4b01497111f9b19"
"613","https://www.casemine.com/judgement/in/56b495bf607dba348f014a19"
"614","https://www.casemine.com/judgement/in/56b495c1607dba348f014b2d"
"615","https://www.casemine.com/judgement/in/5b1a4dd04a932631a5a0e6ae"
"616","https://www.casemine.com/judgement/in/5b1a4dd04a932631a5a0e6af"
"617","https://www.casemine.com/judgement/in/5bd460379eff430a64247cd9"
"618","https://www.casemine.com/judgement/in/56b48c9c607dba348ffeda24"
"619","https://www.casemine.com/judgement/in/56b48cae607dba348ffee1fd"
"620","https://www.casemine.com/judgement/in/5609ac5de4b014971140ea5e"
"621","https://www.casemine.com/judgement/in/56091043e4b0149711181418"
"622","https://www.casemine.com/judgement/in/560910fbe4b0149711182fcc"
"623","https://www.casemine.com/judgement/in/56092c80e4b01497111f9c7b"
"624","https://www.casemine.com/judgement/in/56092c83e4b01497111f9cf3"
"625","https://www.casemine.com/judgement/in/5b81b0c19eff430e1391e9a6"
"626","https://www.casemine.com/judgement/in/56ea7ea2607dba36cc747c06"
"627","https://www.casemine.com/judgement/in/5c1e32459eff4313836e1484"
"628","https://www.casemine.com/judgement/in/56b48d43607dba348fff248a"
"629","https://www.casemine.com/judgement/in/5b1a4b684a932631a5a0e484"
"630","https://www.casemine.com/judgement/in/5767b117e691cb22da6d2ec7"
"631","https://www.casemine.com/judgement/in/5b1a4e1f4a932631a5a0e6ff"
"632","https://www.casemine.com/judgement/in/56092c58e4b01497111f9698"
"633","https://www.casemine.com/judgement/in/56092c6ee4b01497111f9ab2"
"634","https://www.casemine.com/judgement/in/5b1a4b174a932631a5a0e459"
"635","https://www.casemine.com/judgement/in/56b48cb1607dba348ffee3f7"
"636","https://www.casemine.com/judgement/in/56b48cb2607dba348ffee46b"
"637","https://www.casemine.com/judgement/in/56b48c9c607dba348ffeda25"
"638","https://www.casemine.com/judgement/in/56b495d4607dba348f0155f7"
"639","https://www.casemine.com/judgement/in/56b49636607dba348f01760b"
"640","https://www.casemine.com/judgement/in/5b96b0ab9eff4331b3c46657"
"641","https://www.casemine.com/judgement/in/5c3cbca79eff4309fe72c4c9"
"642","https://www.casemine.com/judgement/in/5bdad248b338d10b408f4db1"
"643","https://www.casemine.com/judgement/in/5609aafae4b014971140b63d"
"644","https://www.casemine.com/judgement/in/5c0bbbc49eff430d10d9a502"
"645","https://www.casemine.com/judgement/in/5b88205f9eff430da3fe49df"
"646","https://www.casemine.com/judgement/in/56092c5be4b01497111f973f"
"647","https://www.casemine.com/judgement/in/56092c94e4b01497111fa059"
"648","https://www.casemine.com/judgement/in/5c1e324c9eff4313836e1488"
"649","https://www.casemine.com/judgement/in/56092c59e4b01497111f96b3"
"650","https://www.casemine.com/judgement/in/5a6228dd4653d00b3602d7f1"
"651","https://www.casemine.com/judgement/in/56ea9831607dba377ff11136"
"652","https://www.casemine.com/judgement/in/5b1a4d234a932631a5a0e5bb"
"653","https://www.casemine.com/judgement/in/56b48e1e607dba348fff4d10"
"654","https://www.casemine.com/judgement/in/5c2771f19eff4309efed92a7"
"655","https://www.casemine.com/judgement/in/575fd36a607dba63d7e6f08f"
"656","https://www.casemine.com/judgement/in/56b49304607dba348f003c61"
"657","https://www.casemine.com/judgement/in/5c23b1fc9eff4309994e514e"
"658","https://www.casemine.com/judgement/in/56098d3ce4b0149711389953"
"659","https://www.casemine.com/judgement/in/5be6d2b09eff431b33ae26fc"
"660","https://www.casemine.com/judgement/in/5b96b0ba9eff4331b3c4665a"
"661","https://www.casemine.com/judgement/in/56e66abe607dba6b53436b67"
"662","https://www.casemine.com/judgement/in/5ac5e2984a932619d90116d8"
"663","https://www.casemine.com/judgement/in/5608f797e4b014971114050d"
"664","https://www.casemine.com/judgement/in/56eaaa28607dba3c8ce3ed93"
"665","https://www.casemine.com/judgement/in/5bd88a7f9eff430a1b47fb51"
"666","https://www.casemine.com/judgement/in/5bd9dcac9eff430a1b47fdc5"
"667","https://www.casemine.com/judgement/in/56ea830f607dba378d9d334d"
"668","https://www.casemine.com/judgement/in/5b1a49db4a932631a5a0e3fa"
"669","https://www.casemine.com/judgement/in/56092c52e4b01497111f9546"
"670","https://www.casemine.com/judgement/in/56b49338607dba348f0054de"
"671","https://www.casemine.com/judgement/in/56098d66e4b014971138a04d"
"672","https://www.casemine.com/judgement/in/56b48ccb607dba348ffeee3b"
"673","https://www.casemine.com/judgement/in/56e669c7607dba6b5343533c"
"674","https://www.casemine.com/judgement/in/5b683c144a932645d86ec0cb"
"675","https://www.casemine.com/judgement/in/5b1a4e3c4a932631a5a0e723"
"676","https://www.casemine.com/judgement/in/5ac5e50d4a93261ae6b48394"
"677","https://www.casemine.com/judgement/in/56091084e4b0149711181d69"
"678","https://www.casemine.com/judgement/in/5608fb52e4b01497111496fc"
"679","https://www.casemine.com/judgement/in/560909e9e4b0149711170e5a"
"680","https://www.casemine.com/judgement/in/56b495c1607dba348f014aec"
"681","https://www.casemine.com/judgement/in/56092c82e4b01497111f9ccb"
"682","https://www.casemine.com/judgement/in/5ac5e29e4a932619d90143a7"
"683","https://www.casemine.com/judgement/in/56e6682a607dba6b53431053"
"684","https://www.casemine.com/judgement/in/5609ac3be4b014971140e55b"
"685","https://www.casemine.com/judgement/in/56b493c5607dba348f008322"
"686","https://www.casemine.com/judgement/in/5609a40ee4b01497113f59ef"
"687","https://www.casemine.com/judgement/in/56e11f91607dba38966188c7"
"688","https://www.casemine.com/judgement/in/56eaab90607dba3c8ce403f3"
"689","https://www.casemine.com/judgement/in/560988c0e4b014971137eb16"
"690","https://www.casemine.com/judgement/in/56092c50e4b01497111f94ca"
"691","https://www.casemine.com/judgement/in/5b1a4f8e4a932631a5a0e900"
"692","https://www.casemine.com/judgement/in/5790b44be561097e45a4e577"
"693","https://www.casemine.com/judgement/in/5609ab67e4b014971140c5eb"
"694","https://www.casemine.com/judgement/in/56b48f46607dba348fff75a3"
"695","https://www.casemine.com/judgement/in/5609a32ee4b01497113f36b6"
"696","https://www.casemine.com/judgement/in/5609aaefe4b014971140b457"
"697","https://www.casemine.com/judgement/in/5609abeee4b014971140dac8"
"698","https://www.casemine.com/judgement/in/56090979e4b014971116fceb"
"699","https://www.casemine.com/judgement/in/5ab4ea594a93262f51119449"
"700","https://www.casemine.com/judgement/in/5bdad142b338d10b408f4cd5"
"701","https://www.casemine.com/judgement/in/56092c71e4b01497111f9b48"
"702","https://www.casemine.com/judgement/in/5608f6dbe4b014971113e906"
"703","https://www.casemine.com/judgement/in/56093bbde4b014971122a3d6"
"704","https://www.casemine.com/judgement/in/5b96b0a29eff4331b3c46655"
"705","https://www.casemine.com/judgement/in/56090b60e4b014971117487d"
"706","https://www.casemine.com/judgement/in/560910fae4b0149711182fc2"
"707","https://www.casemine.com/judgement/in/5bc1ead79eff430e946a93a1"
"708","https://www.casemine.com/judgement/in/5608ff87e4b014971115222e"
"709","https://www.casemine.com/judgement/in/5ac5e4a14a93261aa79429f6"
"710","https://www.casemine.com/judgement/in/5b1a4fc14a932631a5a0e955"
"711","https://www.casemine.com/judgement/in/56b49474607dba348f00ba4e"
"712","https://www.casemine.com/judgement/in/5608f9abe4b01497111458c6"
"713","https://www.casemine.com/judgement/in/5609ab79e4b014971140c97b"
"714","https://www.casemine.com/judgement/in/56090976e4b014971116fc5f"
"715","https://www.casemine.com/judgement/in/56098891e4b014971137e3ce"
"716","https://www.casemine.com/judgement/in/56092c50e4b01497111f94d5"
"717","https://www.casemine.com/judgement/in/5b1a49c54a932631a5a0e3f9"
"718","https://www.casemine.com/judgement/in/5608ea49e4b0149711115c8f"
"719","https://www.casemine.com/judgement/in/5bb036ba9eff430d5cba3322"
"720","https://www.casemine.com/judgement/in/56090019e4b014971115369d"
"721","https://www.casemine.com/judgement/in/5bb95f0d9eff430d5cba5359"
"722","https://www.casemine.com/judgement/in/5c51da139eff430cf263795b"
"723","https://www.casemine.com/judgement/in/5ac5e2994a932619d9011aea"
"724","https://www.casemine.com/judgement/in/56b495e3607dba348f015ad3"
"725","https://www.casemine.com/judgement/in/56b48f57607dba348fff7842"
"726","https://www.casemine.com/judgement/in/56b48cb0607dba348ffee2f6"
"727","https://www.casemine.com/judgement/in/5609acc7e4b014971140fb84"
"728","https://www.casemine.com/judgement/in/5b1a4e524a932631a5a0e745"
"729","https://www.casemine.com/judgement/in/5b1a4d844a932631a5a0e62c"
"730","https://www.casemine.com/judgement/in/5ac5e2ad4a932619d901af3f"
"731","https://www.casemine.com/judgement/in/56098872e4b014971137df04"
"732","https://www.casemine.com/judgement/in/56092c66e4b01497111f9952"
"733","https://www.casemine.com/judgement/in/56092c58e4b01497111f9671"
"734","https://www.casemine.com/judgement/in/5609ac4ce4b014971140e8d6"
"735","https://www.casemine.com/judgement/in/56090a6be4b014971117214a"
"736","https://www.casemine.com/judgement/in/56b49610607dba348f016691"
"737","https://www.casemine.com/judgement/in/5bdad211b338d10b408f4d84"
"738","https://www.casemine.com/judgement/in/5bdad148b338d10b408f4cda"
"739","https://www.casemine.com/judgement/in/56090a62e4b0149711171ff1"
"740","https://www.casemine.com/judgement/in/5c4c55429eff4364f62e1e58"
"741","https://www.casemine.com/judgement/in/560989c0e4b01497113818ed"
"742","https://www.casemine.com/judgement/in/5608ea3fe4b0149711115aeb"
"743","https://www.casemine.com/judgement/in/5767b136e691cb22da6d6d46"
"744","https://www.casemine.com/judgement/in/5608f986e4b01497111451fa"
"745","https://www.casemine.com/judgement/in/5c8d1bab9eff430a1ad75b26"
"746","https://www.casemine.com/judgement/in/56092c83e4b01497111f9d11"
"747","https://www.casemine.com/judgement/in/5608fa0ce4b0149711146730"
"748","https://www.casemine.com/judgement/in/5609ac0be4b014971140dde1"
"749","https://www.casemine.com/judgement/in/5609ab44e4b014971140c0f8"
"750","https://www.casemine.com/judgement/in/56090646e4b014971116395e"
"751","https://www.casemine.com/judgement/in/56b49610607dba348f01664d"
"752","https://www.casemine.com/judgement/in/56b48cae607dba348ffee200"
"753","https://www.casemine.com/judgement/in/5609aaf8e4b014971140b5e7"
"754","https://www.casemine.com/judgement/in/56b48ca1607dba348ffedb1f"
"755","https://www.casemine.com/judgement/in/56ea8260607dba36e9458515"
"756","https://www.casemine.com/judgement/in/5608f859e4b01497111421f7"
"757","https://www.casemine.com/judgement/in/5609096ee4b014971116fa99"
"758","https://www.casemine.com/judgement/in/56eaac08607dba3c8ce40cdb"
"759","https://www.casemine.com/judgement/in/56ea804c607dba36e9457f2c"
"760","https://www.casemine.com/judgement/in/5dc551e746571b38af731287"
"761","https://www.casemine.com/judgement/in/56b49604607dba348f01624c"
"762","https://www.casemine.com/judgement/in/56b48cb5607dba348ffee523"
"763","https://www.casemine.com/judgement/in/5811805e2713e1794799ad6a"
"764","https://www.casemine.com/judgement/in/5608ea83e4b014971111655a"
"765","https://www.casemine.com/judgement/in/5609ab96e4b014971140cd5f"
"766","https://www.casemine.com/judgement/in/5ac5e2dc4a932619d903098e"
"767","https://www.casemine.com/judgement/in/5608ea01e4b0149711115180"
"768","https://www.casemine.com/judgement/in/560910b8e4b0149711182502"
"769","https://www.casemine.com/judgement/in/56090bb4e4b014971117545d"
"770","https://www.casemine.com/judgement/in/56095281e4b014971128b3fd"
"771","https://www.casemine.com/judgement/in/56090978e4b014971116fcab"
"772","https://www.casemine.com/judgement/in/5e15729f46571b38d5a15c97"
"773","https://www.casemine.com/judgement/in/56ea77dc607dba36e94560bd"
"774","https://www.casemine.com/judgement/in/56091047e4b01497111814de"
"775","https://www.casemine.com/judgement/in/56091130e4b01497111837dd"
"776","https://www.casemine.com/judgement/in/581180bb2713e179479c775a"
"777","https://www.casemine.com/judgement/in/5609ab64e4b014971140c575"
"778","https://www.casemine.com/judgement/in/5acf496418a681287db56390"
"779","https://www.casemine.com/judgement/in/5608f9b9e4b0149711145a19"
"780","https://www.casemine.com/judgement/in/58a2010e4a93266548a710df"
"781","https://www.casemine.com/judgement/in/5608f9f7e4b01497111464a3"
"782","https://www.casemine.com/judgement/in/56092c50e4b01497111f94d4"
"783","https://www.casemine.com/judgement/in/5bd460439eff430a64247ce6"
"784","https://www.casemine.com/judgement/in/5ac5e3884a93261a1a765df0"
"785","https://www.casemine.com/judgement/in/56e6696b607dba6b53434ba2"
"786","https://www.casemine.com/judgement/in/5ac5e2c34a932619d9024699"
"787","https://www.casemine.com/judgement/in/5609ab9ae4b014971140ce21"
"788","https://www.casemine.com/judgement/in/56b48ca2607dba348ffedbab"
"789","https://www.casemine.com/judgement/in/5609abc2e4b014971140d408"
"790","https://www.casemine.com/judgement/in/5609abfbe4b014971140dcc7"
"791","https://www.casemine.com/judgement/in/5608e9c7e4b01497111148cc"
"792","https://www.casemine.com/judgement/in/5609000be4b0149711153521"
"793","https://www.casemine.com/judgement/in/5609abcae4b014971140d565"
"794","https://www.casemine.com/judgement/in/5767b137e691cb22da6d6f44"
"795","https://www.casemine.com/judgement/in/56092c7be4b01497111f9bb9"
"796","https://www.casemine.com/judgement/in/56093ad5e4b0149711227eae"
"797","https://www.casemine.com/judgement/in/5609ab48e4b014971140c1ad"
"798","https://www.casemine.com/judgement/in/56e66835607dba6b53431551"
"799","https://www.casemine.com/judgement/in/5609a45fe4b01497113f661a"
"800","https://www.casemine.com/judgement/in/5609a408e4b01497113f58de"
"801","https://www.casemine.com/judgement/in/5608fa83e4b014971114796a"
"802","https://www.casemine.com/judgement/in/5ac5e28c4a932619d900ba53"
"803","https://www.casemine.com/judgement/in/5608faefe4b0149711148a0e"
"804","https://www.casemine.com/judgement/in/56098a15e4b0149711382657"
"805","https://www.casemine.com/judgement/in/5ac5e4914a93261aa793ba1e"
"806","https://www.casemine.com/judgement/in/5ab4ea464a93262f5111021a"
"807","https://www.casemine.com/judgement/in/56095fe5e4b01497112cb747"
"808","https://www.casemine.com/judgement/in/5ac5e55d4a93261ae6b6bfde"
"809","https://www.casemine.com/judgement/in/560909dae4b0149711170d1b"
"810","https://www.casemine.com/judgement/in/5609abe9e4b014971140d9e6"
"811","https://www.casemine.com/judgement/in/5767b137e691cb22da6d6dc9"
"812","https://www.casemine.com/judgement/in/5608f6dee4b014971113e9b3"
"813","https://www.casemine.com/judgement/in/5608fb96e4b014971114a125"
"814","https://www.casemine.com/judgement/in/5b1a2f364a932631a5a0bb2b"
"815","https://www.casemine.com/judgement/in/5609ab4ee4b014971140c2a2"
"816","https://www.casemine.com/judgement/in/56eaac4a607dba3c8ce414a9"
"817","https://www.casemine.com/judgement/in/56090977e4b014971116fc77"
"818","https://www.casemine.com/judgement/in/56098900e4b014971137f470"
"819","https://www.casemine.com/judgement/in/5608f72be4b014971113f504"
"820","https://www.casemine.com/judgement/in/5608f9ffe4b0149711146631"
"821","https://www.casemine.com/judgement/in/56e66966607dba6b53434b25"
"822","https://www.casemine.com/judgement/in/5e01d1c28ef15245316becf1"
"823","https://www.casemine.com/judgement/in/5608f78de4b0149711140380"
"824","https://www.casemine.com/judgement/in/56e66959607dba6b534349fc"
"825","https://www.casemine.com/judgement/in/5609ab53e4b014971140c390"
"826","https://www.casemine.com/judgement/in/56b4927f607dba348f000170"
"827","https://www.casemine.com/judgement/in/5ac5e55b4a93261ae6b6aebb"
"828","https://www.casemine.com/judgement/in/5608f987e4b0149711145228"
"829","https://www.casemine.com/judgement/in/56095f3ae4b01497112c9c7d"
"830","https://www.casemine.com/judgement/in/56093adde4b014971122803b"
"831","https://www.casemine.com/judgement/in/56095f30e4b01497112c9a52"
"832","https://www.casemine.com/judgement/in/56ea7f60607dba36ace70e41"
"833","https://www.casemine.com/judgement/in/56098e76e4b014971138cb3f"
"834","https://www.casemine.com/judgement/in/5609105be4b01497111817c1"
"835","https://www.casemine.com/judgement/in/5767b114e691cb22da6d2ac2"
"836","https://www.casemine.com/judgement/in/56eaac6e607dba3c8ce41976"
"837","https://www.casemine.com/judgement/in/56e66906607dba6b5343432c"
"838","https://www.casemine.com/judgement/in/5ac5e5024a93261ae6b4308d"
"839","https://www.casemine.com/judgement/in/5609abd1e4b014971140d6b0"
"840","https://www.casemine.com/judgement/in/56eaac58607dba3c8ce416b2"
"841","https://www.casemine.com/judgement/in/5e0986f49fca19331f9bfadc"
"842","https://www.casemine.com/judgement/in/56090640e4b01497111637da"
"843","https://www.casemine.com/judgement/in/56b492b0607dba348f0024a1"
"844","https://www.casemine.com/judgement/in/5ac5e53d4a93261ae6b5e0ba"
"845","https://www.casemine.com/judgement/in/5ab4ea3f4a93262f5110d335"
"846","https://www.casemine.com/judgement/in/56b495d4607dba348f0155c4"
"847","https://www.casemine.com/judgement/in/56e6682f607dba6b534312c0"
"848","https://www.casemine.com/judgement/in/56090978e4b014971116fcc8"
"849","https://www.casemine.com/judgement/in/56092c53e4b01497111f9593"
"850","https://www.casemine.com/judgement/in/5608fad8e4b014971114862f"
"851","https://www.casemine.com/judgement/in/56e6682a607dba6b53431017"
"852","https://www.casemine.com/judgement/in/5609abcce4b014971140d5c4"
"853","https://www.casemine.com/judgement/in/5608f9a7e4b01497111457ab"
"854","https://www.casemine.com/judgement/in/56e66969607dba6b53434b61"
"855","https://www.casemine.com/judgement/in/56098d6de4b014971138a1ca"
"856","https://www.casemine.com/judgement/in/5609ac41e4b014971140e6a5"
"857","https://www.casemine.com/judgement/in/5afc5b274a9326672a89dee0"
"858","https://www.casemine.com/judgement/in/5608f9f0e4b0149711146320"
"859","https://www.casemine.com/judgement/in/5608fb04e4b0149711148c68"
"860","https://www.casemine.com/judgement/in/5608f70be4b014971113f0da"
"861","https://www.casemine.com/judgement/in/56b4931a607dba348f004bb0"
"862","https://www.casemine.com/judgement/in/5608fa13e4b01497111468c5"
"863","https://www.casemine.com/judgement/in/56b4959c607dba348f013907"
"864","https://www.casemine.com/judgement/in/5608f95ae4b0149711144b72"
"865","https://www.casemine.com/judgement/in/56ea7801607dba36e945610f"
"866","https://www.casemine.com/judgement/in/5608fa42e4b0149711147035"
"867","https://www.casemine.com/judgement/in/56e6688a607dba6b53433735"
"868","https://www.casemine.com/judgement/in/56b495f8607dba348f016055"
"869","https://www.casemine.com/judgement/in/5767b114e691cb22da6d2a76"
"870","https://www.casemine.com/judgement/in/5609a4bbe4b01497113f7449"
"871","https://www.casemine.com/judgement/in/5e08f9019fca1968d48932a9"
"872","https://www.casemine.com/judgement/in/56090a7ce4b0149711172492"
"873","https://www.casemine.com/judgement/in/560909dae4b0149711170d23"
"874","https://www.casemine.com/judgement/in/56b4961d607dba348f016bfa"
"875","https://www.casemine.com/judgement/in/5ac5e2d44a932619d902c89e"
"876","https://www.casemine.com/judgement/in/5609ac1be4b014971140e0ba"
"877","https://www.casemine.com/judgement/in/56b4937e607dba348f007382"
"878","https://www.casemine.com/judgement/in/5608ea4ae4b0149711115cae"
"879","https://www.casemine.com/judgement/in/5de9e6784a932637cc5805c7"
"880","https://www.casemine.com/judgement/in/5790b244e561097e45a4e264"
"881","https://www.casemine.com/judgement/in/5608f9bee4b0149711145b3c"
"882","https://www.casemine.com/judgement/in/5609ab6fe4b014971140c79d"
"883","https://www.casemine.com/judgement/in/56b495cb607dba348f014f2a"
"884","https://www.casemine.com/judgement/in/560900a4e4b0149711154da4"
"885","https://www.casemine.com/judgement/in/5ab4ea5a4a93262f5111a1ab"
"886","https://www.casemine.com/judgement/in/56098dc2e4b014971138af72"
"887","https://www.casemine.com/judgement/in/56092c56e4b01497111f9632"
"888","https://www.casemine.com/judgement/in/56b49484607dba348f00c98d"
"889","https://www.casemine.com/judgement/in/599ec2f64a932638c63eef1e"
"890","https://www.casemine.com/judgement/in/560988ece4b014971137f225"
"891","https://www.casemine.com/judgement/in/56b48fba607dba348fff86a9"
"892","https://www.casemine.com/judgement/in/56e66989607dba6b53434e16"
"893","https://www.casemine.com/judgement/in/560988eee4b014971137f27c"
"894","https://www.casemine.com/judgement/in/581180ae2713e179479c1445"
"895","https://www.casemine.com/judgement/in/56095fdee4b01497112cb605"
"896","https://www.casemine.com/judgement/in/5ac5e4264a93261a672e33ca"
"897","https://www.casemine.com/judgement/in/56095fdfe4b01497112cb656"
"898","https://www.casemine.com/judgement/in/56eaaa87607dba3c8ce3f371"
"899","https://www.casemine.com/judgement/in/5609ab9ee4b014971140cead"
"900","https://www.casemine.com/judgement/in/5ab4ea424a93262f5110e575"
"901","https://www.casemine.com/judgement/in/56e66ae2607dba6b53436f17"
"902","https://www.casemine.com/judgement/in/56b48cb1607dba348ffee3b7"
"903","https://www.casemine.com/judgement/in/56b49484607dba348f00c9bc"
"904","https://www.casemine.com/judgement/in/56b48ca8607dba348ffedf1b"
"905","https://www.casemine.com/judgement/in/5ac5e2c44a932619d90252c3"
"906","https://www.casemine.com/judgement/in/56b4947f607dba348f00c42b"
"907","https://www.casemine.com/judgement/in/56b49475607dba348f00bc90"
"908","https://www.casemine.com/judgement/in/56098db0e4b014971138abbe"
"909","https://www.casemine.com/judgement/in/5609111fe4b014971118346d"
"910","https://www.casemine.com/judgement/in/5608ea02e4b01497111151d7"
"911","https://www.casemine.com/judgement/in/5ac5e4164a93261a672dc411"
"912","https://www.casemine.com/judgement/in/560909eae4b0149711170e8e"
"913","https://www.casemine.com/judgement/in/5767b122e691cb22da6d4618"
"914","https://www.casemine.com/judgement/in/5ac5e2db4a932619d9030573"
"915","https://www.casemine.com/judgement/in/5767b123e691cb22da6d48ec"
"916","https://www.casemine.com/judgement/in/56ea728c607dba369a6eec2e"
"917","https://www.casemine.com/judgement/in/5608e9fde4b01497111150ea"
"918","https://www.casemine.com/judgement/in/5609103ee4b01497111812ea"
"919","https://www.casemine.com/judgement/in/5609ab8fe4b014971140cc2d"
"920","https://www.casemine.com/judgement/in/5767b0fee691cb22da6d0200"
"921","https://www.casemine.com/judgement/in/56095f39e4b01497112c9c42"
"922","https://www.casemine.com/judgement/in/5609013fe4b01497111562df"
"923","https://www.casemine.com/judgement/in/58117fb72713e17947946af7"
"924","https://www.casemine.com/judgement/in/56098882e4b014971137e0a6"
"925","https://www.casemine.com/judgement/in/56098e26e4b014971138beaa"
"926","https://www.casemine.com/judgement/in/5608fbdde4b014971114ade1"
"927","https://www.casemine.com/judgement/in/5608f82ee4b0149711141b1f"
"928","https://www.casemine.com/judgement/in/5767b125e691cb22da6d4b7a"
"929","https://www.casemine.com/judgement/in/5609abfbe4b014971140dcca"
"930","https://www.casemine.com/judgement/in/56090af3e4b0149711173761"
"931","https://www.casemine.com/judgement/in/5e2603a69fca1909fa87f5d9"
"932","https://www.casemine.com/judgement/in/5e3460bf9fca190905a06f26"
"933","https://www.casemine.com/judgement/in/5e18d0359fca1931a3ed005e"
"934","https://www.casemine.com/judgement/in/5e20b0cf9fca1971e3d5fd6c"
"935","https://www.casemine.com/judgement/in/5e1a1ba69fca196126f94bbd"
"936","https://www.casemine.com/judgement/in/5e1d1da69fca19070bf727c2"
"937","https://www.casemine.com/judgement/in/5e1e181c9fca19188e933e8b"
"938","https://www.casemine.com/judgement/in/5e1b46189fca190fcdb06692"
"939","https://www.casemine.com/judgement/in/5e2800a79fca190f502bba6e"
"940","https://www.casemine.com/judgement/in/56b494fe607dba348f010702"
"941","https://www.casemine.com/judgement/in/5ac5e3e04a93261a672c4e48"
"942","https://www.casemine.com/judgement/in/5cca886e4a9326148a245958"
"943","https://www.casemine.com/judgement/in/5e385e8a9fca193f01d1f318"
"944","https://www.casemine.com/judgement/in/5ac5e5444a93261ae6b615c2"
"945","https://www.casemine.com/judgement/in/56090130e4b0149711156098"
"946","https://www.casemine.com/judgement/in/5767b113e691cb22da6d2724"
"947","https://www.casemine.com/judgement/in/5608fce4e4b014971114ce11"
"948","https://www.casemine.com/judgement/in/56e66878607dba6b53432f68"
"949","https://www.casemine.com/judgement/in/5609ac92e4b014971140f2e7"
"950","https://www.casemine.com/judgement/in/56098a83e4b01497113836fe"
"951","https://www.casemine.com/judgement/in/56090d88e4b0149711179f05"
"952","https://www.casemine.com/judgement/in/5ab4ea4a4a93262f51111e1d"
"953","https://www.casemine.com/judgement/in/5609a4a9e4b01497113f711a"
"954","https://www.casemine.com/judgement/in/56b48cb0607dba348ffee2e4"
"955","https://www.casemine.com/judgement/in/599fc324e6249c54edce676a"
"956","https://www.casemine.com/judgement/in/56b4958e607dba348f0135d3"
"957","https://www.casemine.com/judgement/in/580bf6022713e175bec1d658"
"958","https://www.casemine.com/judgement/in/57f52ae8bc4168792964362b"
"959","https://www.casemine.com/judgement/in/5790b398e561097e45a4e46e"
"960","https://www.casemine.com/judgement/in/5608ea5ce4b0149711115ef9"
"961","https://www.casemine.com/judgement/in/5d846278714d58124275d3d3"
"962","https://www.casemine.com/judgement/in/56b49278607dba348ffffe1f"
"963","https://www.casemine.com/judgement/in/56b493d7607dba348f0087b1"
"964","https://www.casemine.com/judgement/in/5a3e37894a93267bc6a869df"
"965","https://www.casemine.com/judgement/in/5767b108e691cb22da6d13d5"
"966","https://www.casemine.com/judgement/in/56095eede4b01497112c9085"
"967","https://www.casemine.com/judgement/in/56098c4ae4b0149711387142"
"968","https://www.casemine.com/judgement/in/5609036ce4b014971115b802"
"969","https://www.casemine.com/judgement/in/5609ab49e4b014971140c1da"
"970","https://www.casemine.com/judgement/in/5d4a60563321bc5f0d3895d9"
"971","https://www.casemine.com/judgement/in/56b49540607dba348f0119ca"
"972","https://www.casemine.com/judgement/in/582d6fd553bee74991898fd7"
"973","https://www.casemine.com/judgement/in/5609abfbe4b014971140dcc4"
